"","genus","family","order"
"Amborella","Amborella","Amborellaceae","Amborellales"
"Trithuria","Trithuria","Hydatellaceae","Nymphaeales"
"Nymphaea","Nymphaea","Nymphaeaceae","Nymphaeales"
"Nuphar","Nuphar","Nymphaeaceae","Nymphaeales"
"Brasenia","Brasenia","Cabombaceae","Nymphaeales"
"Cabomba","Cabomba","Cabombaceae","Nymphaeales"
"Illicium","Illicium","Schisandraceae","Austrobaileyales"
"Schisandra","Schisandra","Schisandraceae","Austrobaileyales"
"Kadsura","Kadsura","Schisandraceae","Austrobaileyales"
"Trimenia",NA,"Trimeniaceae","Austrobaileyales"
"Austrobaileya","Austrobaileya","Austrobaileyaceae","Austrobaileyales"
"Hedyosmum","Hedyosmum","Chloranthaceae","Chloranthales"
"Ascarina","Ascarina","Chloranthaceae","Chloranthales"
"Chloranthus","Chloranthus","Chloranthaceae","Chloranthales"
"Sarcandra",NA,"Chloranthaceae","Chloranthales"
"Mauloutchia","Mauloutchia","Myristicaceae","Magnoliales"
"Myristica","Myristica","Myristicaceae","Magnoliales"
"Degeneria","Degeneria","Degeneriaceae","Magnoliales"
"Galbulimima","Galbulimima","Himantandraceae","Magnoliales"
"Annona","Annona","Annonaceae","Magnoliales"
"Cananga","Cananga","Annonaceae","Magnoliales"
"Eupomatia","Eupomatia","Eupomatiaceae","Magnoliales"
"Magnolia","Magnolia","Magnoliaceae","Magnoliales"
"Liriodendron","Liriodendron","Magnoliaceae","Magnoliales"
"Idiospermum","Idiospermum","Calycanthaceae","Laurales"
"Calycanthus","Calycanthus","Calycanthaceae","Laurales"
"Siparuna","Siparuna","Siparunaceae","Laurales"
"Gomortega","Gomortega","Gomortegaceae","Laurales"
"Atherosperma","Atherosperma","Atherospermataceae","Laurales"
"Daphnandra","Daphnandra","Atherospermataceae","Laurales"
"Cryptocarya","Cryptocarya","Lauraceae","Laurales"
"Laurus","Laurus","Lauraceae","Laurales"
"Hedycarya","Hedycarya","Monimiaceae","Laurales"
"Peumus","Peumus","Monimiaceae","Laurales"
"Gyrocarpus","Gyrocarpus","Hernandiaceae","Laurales"
"Hernandia","Hernandia","Hernandiaceae","Laurales"
"Piper","Piper","Piperaceae","Piperales"
"Peperomia","Peperomia","Piperaceae","Piperales"
"Houttuynia","Houttuynia","Saururaceae","Piperales"
"Saururus","Saururus","Saururaceae","Piperales"
"Saruma","Saruma","Aristolochiaceae","Piperales"
"Aristolochia","Aristolochia","Aristolochiaceae","Piperales"
"Thottea","Thottea","Aristolochiaceae","Piperales"
"Lactoris","Lactoris","Lactoridaceae","Piperales"
"Canella","Canella","Canellaceae","Canellales"
"Cinnamodendron","Cinnamodendron","Canellaceae","Canellales"
"Takhtajania","Takhtajania","Winteraceae","Canellales"
"Drimys","Drimys","Winteraceae","Canellales"
"Tasmannia","Tasmannia","Winteraceae","Canellales"
"Acorus","Acorus","Acoraceae","Acorales"
"Pleea","Pleea","Tofieldiaceae","Alismatales"
"Tofieldia","Tofieldia","Tofieldiaceae","Alismatales"
"Triglochin","Triglochin","Juncaginaceae","Alismatales"
"Potamogeton","Potamogeton","Potamogetonaceae","Alismatales"
"Alisma","Alisma","Alismataceae","Alismatales"
"Hydrocharis","Hydrocharis","Hydrocharitaceae","Alismatales"
"Orontium","Orontium","Araceae","Alismatales"
"Lemna","Lemna","Araceae","Alismatales"
"Spathiphyllum","Spathiphyllum","Araceae","Alismatales"
"Xanthosoma","Xanthosoma","Araceae","Alismatales"
"Dioscorea","Dioscorea","Dioscoreaceae","Dioscoreales"
"Carludovica","Carludovica","Cyclanthaceae","Pandanales"
"Croomia","Croomia","Stemonaceae","Pandanales"
"Phalaenopsis","Phalaenopsis","Orchidaceae","Asparagales"
"Oncidium","Oncidium","Orchidaceae","Asparagales"
"Blandfordia","Blandfordia","Blandfordiaceae","Asparagales"
"Iris","Iris","Iridaceae","Asparagales"
"Xanthorrhoea","Xanthorrhoea","Xanthorrhoeaceae","Asparagales"
"Asparagus","Asparagus","Asparagaceae","Asparagales"
"Beaucarnea","Beaucarnea","Asparagaceae","Asparagales"
"Agave","Agave","Asparagaceae","Asparagales"
"Yucca","Yucca","Asparagaceae","Asparagales"
"Lomandra","Lomandra","Asparagaceae","Asparagales"
"Allium","Allium","Amaryllidaceae","Asparagales"
"Hordeum","Hordeum","Poaceae","Poales"
"Saccharum","Saccharum","Poaceae","Poales"
"Zea","Zea","Poaceae","Poales"
"Oryza","Oryza","Poaceae","Poales"
"Stegolepis","Stegolepis","Rapateaceae","Poales"
"Vriesea","Vriesea","Bromeliaceae","Poales"
"Sparganium","Sparganium","Typhaceae","Poales"
"Typha","Typha","Typhaceae","Poales"
"Elaeis","Elaeis","Arecaceae","Arecales"
"Chamaedorea","Chamaedorea","Arecaceae","Arecales"
"Strelitzia","Strelitzia","Strelitziaceae","Zingiberales"
"Maranta","Maranta","Marantaceae","Zingiberales"
"Musa","Musa","Musaceae","Zingiberales"
"Tradescantia","Tradescantia","Commelinaceae","Commelinales"
"Philydrum","Philydrum","Philydraceae","Commelinales"
"Trillium","Trillium","Melanthiaceae","Liliales"
"Lilium","Lilium","Liliaceae","Liliales"
"Smilax","Smilax","Smilacaceae","Liliales"
"Ceratophyllum","Ceratophyllum","Ceratophyllaceae","Ceratophyllales"
"Euptelea","Euptelea","Eupteleaceae","Ranunculales"
"Eschscholzia","Eschscholzia","Papaveraceae","Ranunculales"
"Hypecoum","Hypecoum","Papaveraceae","Ranunculales"
"Dicentra","Dicentra","Papaveraceae","Ranunculales"
"Circaeaster","Circaeaster","Circaeasteraceae","Ranunculales"
"Sargentodoxa","Sargentodoxa","Lardizabalaceae","Ranunculales"
"Lardizabala","Lardizabala","Lardizabalaceae","Ranunculales"
"Decaisnea","Decaisnea","Lardizabalaceae","Ranunculales"
"Menispermum","Menispermum","Menispermaceae","Ranunculales"
"Tinospora","Tinospora","Menispermaceae","Ranunculales"
"Nandina","Nandina","Berberidaceae","Ranunculales"
"Caulophyllum","Caulophyllum","Berberidaceae","Ranunculales"
"Ranunculus","Ranunculus","Ranunculaceae","Ranunculales"
"Glaucidium","Glaucidium","Ranunculaceae","Ranunculales"
"Hydrastis",NA,"Ranunculaceae","Ranunculales"
"Meliosma","Meliosma","Sabiaceae",NA
"Sabia","Sabia","Sabiaceae",NA
"Nelumbo","Nelumbo","Nelumbonaceae","Proteales"
"Platanus","Platanus","Platanaceae","Proteales"
"Petrophile",NA,"Proteaceae","Proteales"
"Roupala","Roupala","Proteaceae","Proteales"
"Tetracentron","Tetracentron","Trochodendraceae","Trochodendrales"
"Trochodendron","Trochodendron","Trochodendraceae","Trochodendrales"
"Didymeles","Didymeles","Buxaceae","Buxales"
"Pachysandra","Pachysandra","Buxaceae","Buxales"
"Buxus","Buxus","Buxaceae","Buxales"
"Myrothamnus","Myrothamnus","Myrothamnaceae","Gunnerales"
"Gunnera","Gunnera","Gunneraceae","Gunnerales"
"Tetramerista",NA,"Tetrameristaceae","Ericales"
"Impatiens","Impatiens","Balsaminaceae","Ericales"
"Marcgravia","Marcgravia","Marcgraviaceae","Ericales"
"Camellia","Camellia","Theaceae","Ericales"
"Sarracenia","Sarracenia","Sarraceniaceae","Ericales"
"Actinidia","Actinidia","Actinidiaceae","Ericales"
"Arbutus","Arbutus","Ericaceae","Ericales"
"Cyrilla","Cyrilla","Cyrillaceae","Ericales"
"Clethra","Clethra","Clethraceae","Ericales"
"Galax","Galax","Diapensiaceae","Ericales"
"Styrax","Styrax","Styracaceae","Ericales"
"Ternstroemia","Ternstroemia","Pentaphylacaceae","Ericales"
"Manilkara","Manilkara","Sapotaceae","Ericales"
"Diospyros","Diospyros","Ebenaceae","Ericales"
"Maesa","Maesa","Primulaceae","Ericales"
"Clavija","Clavija","Primulaceae","Ericales"
"Androsace","Androsace","Primulaceae","Ericales"
"Primula","Primula","Primulaceae","Ericales"
"Polemonium","Polemonium","Polemoniaceae","Ericales"
"Fouquieria","Fouquieria","Fouquieriaceae","Ericales"
"Couroupita","Couroupita","Lecythidaceae","Ericales"
"Pennantia",NA,"Pennantiaceae","Apiales"
"Aralidium","Aralidium","Torricelliaceae","Apiales"
"Torricellia",NA,"Torricelliaceae","Apiales"
"Melanophylla","Melanophylla","Torricelliaceae","Apiales"
"Griselinia","Griselinia","Griseliniaceae","Apiales"
"Pittosporum","Pittosporum","Pittosporaceae","Apiales"
"Sollya",NA,"Pittosporaceae","Apiales"
"Myodocarpus","Myodocarpus","Myodocarpaceae","Apiales"
"Delarbrea","Delarbrea","Myodocarpaceae","Apiales"
"Platysace",NA,"Apiaceae","Apiales"
"Mackinlaya","Mackinlaya","Apiaceae","Apiales"
"Azorella","Azorella","Apiaceae","Apiales"
"Arctopus","Arctopus","Apiaceae","Apiales"
"Sanicula","Sanicula","Apiaceae","Apiales"
"Heteromorpha","Heteromorpha","Apiaceae","Apiales"
"Anethum","Anethum","Apiaceae","Apiales"
"Apium","Apium","Apiaceae","Apiales"
"Coriandrum","Coriandrum","Apiaceae","Apiales"
"Angelica","Angelica","Apiaceae","Apiales"
"Daucus","Daucus","Apiaceae","Apiales"
"Hydrocotyle","Hydrocotyle","Araliaceae","Apiales"
"Panax","Panax","Araliaceae","Apiales"
"Aralia","Aralia","Araliaceae","Apiales"
"Cussonia","Cussonia","Araliaceae","Apiales"
"Tetraplasandra","Tetraplasandra","Araliaceae","Apiales"
"Pseudopanax","Pseudopanax","Araliaceae","Apiales"
"Polyscias","Polyscias","Araliaceae","Apiales"
"Hedera","Hedera","Araliaceae","Apiales"
"Schefflera","Schefflera","Araliaceae","Apiales"
"Tetrapanax","Tetrapanax","Araliaceae","Apiales"
"Quintinia","Quintinia","Paracryphiaceae","Paracryphiales"
"Sphenostemon",NA,NA,NA
"Paracryphia","Paracryphia","Paracryphiaceae","Paracryphiales"
"Viburnum","Viburnum","Adoxaceae","Dipsacales"
"Sinadoxa","Sinadoxa","Adoxaceae","Dipsacales"
"Tetradoxa","Tetradoxa","Adoxaceae","Dipsacales"
"Adoxa","Adoxa","Adoxaceae","Dipsacales"
"Sambucus","Sambucus","Adoxaceae","Dipsacales"
"Weigela","Weigela","Caprifoliaceae","Dipsacales"
"Diervilla","Diervilla","Caprifoliaceae","Dipsacales"
"Heptacodium","Heptacodium","Caprifoliaceae","Dipsacales"
"Lonicera","Lonicera","Caprifoliaceae","Dipsacales"
"Triosteum","Triosteum","Caprifoliaceae","Dipsacales"
"Leycesteria","Leycesteria","Caprifoliaceae","Dipsacales"
"Symphoricarpos","Symphoricarpos","Caprifoliaceae","Dipsacales"
"Kolkwitzia","Kolkwitzia","Caprifoliaceae","Dipsacales"
"Dipelta","Dipelta","Caprifoliaceae","Dipsacales"
"Abelia","Abelia","Caprifoliaceae","Dipsacales"
"Linnaea","Linnaea","Caprifoliaceae","Dipsacales"
"Zabelia",NA,"Caprifoliaceae","Dipsacales"
"Acanthocalyx",NA,"Caprifoliaceae","Dipsacales"
"Morina","Morina","Caprifoliaceae","Dipsacales"
"Cryptothladia",NA,"Caprifoliaceae","Dipsacales"
"Triplostegia","Triplostegia","Caprifoliaceae","Dipsacales"
"Scabiosa","Scabiosa","Caprifoliaceae","Dipsacales"
"Pterocephalodes","Pterocephalodes","Caprifoliaceae","Dipsacales"
"Dipsacus","Dipsacus","Caprifoliaceae","Dipsacales"
"Nardostachys","Nardostachys","Caprifoliaceae","Dipsacales"
"Valerianella","Valerianella","Caprifoliaceae","Dipsacales"
"Fedia","Fedia","Caprifoliaceae","Dipsacales"
"Centranthus","Centranthus","Caprifoliaceae","Dipsacales"
"Valeriana","Valeriana","Caprifoliaceae","Dipsacales"
"Patrinia","Patrinia","Caprifoliaceae","Dipsacales"
"Brunia","Brunia","Bruniaceae","Bruniales"
"Berzelia","Berzelia","Bruniaceae","Bruniales"
"Columellia","Columellia","Columelliaceae","Bruniales"
"Desfontainia","Desfontainia","Columelliaceae","Bruniales"
"Roussea",NA,"Rousseaceae","Asterales"
"Cuttsia","Cuttsia","Rousseaceae","Asterales"
"Abrophyllum","Abrophyllum","Rousseaceae","Asterales"
"Carpodetus","Carpodetus","Rousseaceae","Asterales"
"Cyphia","Cyphia","Campanulaceae","Asterales"
"Campanula","Campanula","Campanulaceae","Asterales"
"Trachelium","Trachelium","Campanulaceae","Asterales"
"Pseudonemacladus","Pseudonemacladus","Campanulaceae","Asterales"
"Dialypetalum","Dialypetalum","Campanulaceae","Asterales"
"Lobelia","Lobelia","Campanulaceae","Asterales"
"Phelline",NA,"Phellinaceae","Asterales"
"Argophyllum","Argophyllum","Argophyllaceae","Asterales"
"Corokia","Corokia","Argophyllaceae","Asterales"
"Platyspermation",NA,"Escalloniaceae","Escalloniales"
"Crispiloba","Crispiloba","Alseuosmiaceae","Asterales"
"Wittsteinia",NA,"Alseuosmiaceae","Asterales"
"Alseuosmia","Alseuosmia","Alseuosmiaceae","Asterales"
"Fauria",NA,"Menyanthaceae","Asterales"
"Menyanthes","Menyanthes","Menyanthaceae","Asterales"
"Nymphoides","Nymphoides","Menyanthaceae","Asterales"
"Villarsia","Villarsia","Menyanthaceae","Asterales"
"Boopis","Boopis","Calyceraceae","Asterales"
"Acicarpha","Acicarpha","Calyceraceae","Asterales"
"Moschopsis","Moschopsis","Calyceraceae","Asterales"
"Barnadesia","Barnadesia","Asteraceae","Asterales"
"Gerbera","Gerbera","Asteraceae","Asterales"
"Echinops","Echinops","Asteraceae","Asterales"
"Tagetes","Tagetes","Asteraceae","Asterales"
"Helianthus","Helianthus","Asteraceae","Asterales"
"Guizotia","Guizotia","Asteraceae","Asterales"
"Tragopogon","Tragopogon","Asteraceae","Asterales"
"Lactuca","Lactuca","Asteraceae","Asterales"
"Cichorium","Cichorium","Asteraceae","Asterales"
"Dampiera","Dampiera","Goodeniaceae","Asterales"
"Goodenia","Goodenia","Goodeniaceae","Asterales"
"Scaevola","Scaevola","Goodeniaceae","Asterales"
"Donatia","Donatia","Stylidiaceae","Asterales"
"Forstera","Forstera","Stylidiaceae","Asterales"
"Stylidium","Stylidium","Stylidiaceae","Asterales"
"Pentaphragma","Pentaphragma","Pentaphragmataceae","Asterales"
"Polyosma","Polyosma","Escalloniaceae","Escalloniales"
"Escallonia","Escallonia","Escalloniaceae","Escalloniales"
"Valdivia","Valdivia","Escalloniaceae","Escalloniales"
"Forgesia","Forgesia","Escalloniaceae","Escalloniales"
"Tribeles","Tribeles","Escalloniaceae","Escalloniales"
"Anopterus","Anopterus","Escalloniaceae","Escalloniales"
"Eremosyne","Eremosyne","Escalloniaceae","Escalloniales"
"Ilex","Ilex","Aquifoliaceae","Aquifoliales"
"Phyllonoma","Phyllonoma","Phyllonomaceae","Aquifoliales"
"Helwingia","Helwingia","Helwingiaceae","Aquifoliales"
"Cardiopteris","Cardiopteris","Cardiopteridaceae","Aquifoliales"
"Gonocaryum","Gonocaryum","Cardiopteridaceae","Aquifoliales"
"Citronella","Citronella","Cardiopteridaceae","Aquifoliales"
"Grisollea","Grisollea","Stemonuraceae","Aquifoliales"
"Gomphandra","Gomphandra","Stemonuraceae","Aquifoliales"
"Irvingbaileya","Irvingbaileya","Stemonuraceae","Aquifoliales"
"Borago","Borago","Boraginaceae",NA
"Hydrophyllum","Hydrophyllum","Boraginaceae",NA
"Ehretia","Ehretia","Boraginaceae",NA
"Plocosperma","Plocosperma","Plocospermataceae","Lamiales"
"Polypremum","Polypremum","Tetrachondraceae","Lamiales"
"Calceolaria","Calceolaria","Calceolariaceae","Lamiales"
"Saintpaulia",NA,"Gesneriaceae","Lamiales"
"Peltanthera","Peltanthera","Gesneriaceae","Lamiales"
"Catalpa","Catalpa","Bignoniaceae","Lamiales"
"Verbena","Verbena","Verbenaceae","Lamiales"
"Thomandersia","Thomandersia","Thomandersiaceae","Lamiales"
"Lamium","Lamium","Lamiaceae","Lamiales"
"Pedicularis","Pedicularis","Orobanchaceae","Lamiales"
"Phryma","Phryma","Phrymaceae","Lamiales"
"Paulownia","Paulownia","Paulowniaceae","Lamiales"
"Byblis","Byblis","Byblidaceae","Lamiales"
"Acanthus","Acanthus","Acanthaceae","Lamiales"
"Pinguicula","Pinguicula","Lentibulariaceae","Lamiales"
"Martynia","Martynia","Martyniaceae","Lamiales"
"Sesamum","Sesamum","Pedaliaceae","Lamiales"
"Halleria","Halleria","Stilbaceae","Lamiales"
"Antirrhinum","Antirrhinum","Plantaginaceae","Lamiales"
"Scrophularia","Scrophularia","Scrophulariaceae","Lamiales"
"Syringa","Syringa","Oleaceae","Lamiales"
"Jasminum","Jasminum","Oleaceae","Lamiales"
"Strychnos","Strychnos","Loganiaceae","Gentianales"
"Gelsemium","Gelsemium","Gelsemiaceae","Gentianales"
"Exacum","Exacum","Gentianaceae","Gentianales"
"Gentiana","Gentiana","Gentianaceae","Gentianales"
"Nerium","Nerium","Apocynaceae","Gentianales"
"Luculia","Luculia","Rubiaceae","Gentianales"
"Galium","Galium","Rubiaceae","Gentianales"
"Coffea","Coffea","Rubiaceae","Gentianales"
"Montinia","Montinia","Montiniaceae","Solanales"
"Sphenoclea","Sphenoclea","Sphenocleaceae","Solanales"
"Hydrolea","Hydrolea","Hydroleaceae","Solanales"
"Nicotiana","Nicotiana","Solanaceae","Solanales"
"Solanum","Solanum","Solanaceae","Solanales"
"Atropa","Atropa","Solanaceae","Solanales"
"Cuscuta","Cuscuta","Convolvulaceae","Solanales"
"Ipomoea","Ipomoea","Convolvulaceae","Solanales"
"Vahlia","Vahlia","Vahliaceae",NA
"Oncotheca","Oncotheca","Oncothecaceae",NA
"Icacina","Icacina","Icacinaceae",NA
"Eucommia","Eucommia","Eucommiaceae","Garryales"
"Garrya","Garrya","Garryaceae","Garryales"
"Cornus","Cornus","Cornaceae","Cornales"
"Nyssa","Nyssa","Cornaceae","Cornales"
"Curtisia","Curtisia","Curtisiaceae","Cornales"
"Hydrangea","Hydrangea","Hydrangeaceae","Cornales"
"Petalonyx","Petalonyx","Loasaceae","Cornales"
"Mentzelia","Mentzelia","Loasaceae","Cornales"
"Frankenia","Frankenia","Frankeniaceae","Caryophyllales"
"Tamarix","Tamarix","Tamaricaceae","Caryophyllales"
"Polygonum","Polygonum","Polygonaceae","Caryophyllales"
"Fagopyrum","Fagopyrum","Polygonaceae","Caryophyllales"
"Bistorta","Bistorta","Polygonaceae","Caryophyllales"
"Plumbago","Plumbago","Plumbaginaceae","Caryophyllales"
"Limonium","Limonium","Plumbaginaceae","Caryophyllales"
"Drosophyllum","Drosophyllum","Drosophyllaceae","Caryophyllales"
"Ancistrocladus","Ancistrocladus","Ancistrocladaceae","Caryophyllales"
"Dioncophyllum","Dioncophyllum","Dioncophyllaceae","Caryophyllales"
"Triphyophyllum","Triphyophyllum","Dioncophyllaceae","Caryophyllales"
"Drosera","Drosera","Droseraceae","Caryophyllales"
"Nepenthes","Nepenthes","Nepenthaceae","Caryophyllales"
"Rhabdodendron","Rhabdodendron","Rhabdodendraceae","Caryophyllales"
"Simmondsia","Simmondsia","Simmondsiaceae","Caryophyllales"
"Physena","Physena","Physenaceae","Caryophyllales"
"Asteropeia","Asteropeia","Asteropeiaceae","Caryophyllales"
"Stellaria","Stellaria","Caryophyllaceae","Caryophyllales"
"Phaulothamnus","Phaulothamnus","Achatocarpaceae","Caryophyllales"
"Celosia","Celosia","Amaranthaceae","Caryophyllales"
"Beta","Beta","Amaranthaceae","Caryophyllales"
"Spinacia","Spinacia","Amaranthaceae","Caryophyllales"
"Stegnosperma","Stegnosperma","Stegnospermataceae","Caryophyllales"
"Limeum","Limeum","Limeaceae","Caryophyllales"
"Mollugo","Mollugo","Molluginaceae","Caryophyllales"
"Talinum","Talinum","Talinaceae","Caryophyllales"
"Pereskia","Pereskia","Cactaceae","Caryophyllales"
"Opuntia","Opuntia","Cactaceae","Caryophyllales"
"Portulaca","Portulaca","Portulacaceae","Caryophyllales"
"Alluaudia","Alluaudia","Didiereaceae","Caryophyllales"
"Calyptrotheca","Calyptrotheca","Didiereaceae","Caryophyllales"
"Basella","Basella","Basellaceae","Caryophyllales"
"Halophytum","Halophytum","Halophytaceae","Caryophyllales"
"Claytonia","Claytonia","Montiaceae","Caryophyllales"
"Barbeuia","Barbeuia","Barbeuiaceae","Caryophyllales"
"Lampranthus","Lampranthus","Aizoaceae","Caryophyllales"
"Delosperma","Delosperma","Aizoaceae","Caryophyllales"
"Gisekia","Gisekia","Gisekiaceae","Caryophyllales"
"Phytolacca","Phytolacca","Phytolaccaceae","Caryophyllales"
"Sarcobatus","Sarcobatus","Sarcobataceae","Caryophyllales"
"Rivina","Rivina","Phytolaccaceae","Caryophyllales"
"Bougainvillea","Bougainvillea","Nyctaginaceae","Caryophyllales"
"Mirabilis","Mirabilis","Nyctaginaceae","Caryophyllales"
"Berberidopsis","Berberidopsis","Berberidopsidaceae","Berberidopsidales"
"Aextoxicon","Aextoxicon","Aextoxicaceae","Berberidopsidales"
"Heisteria","Heisteria","Olacaceae","Santalales"
"Ximenia","Ximenia","Olacaceae","Santalales"
"Santalum","Santalum","Santalaceae","Santalales"
"Schoepfia","Schoepfia","Schoepfiaceae","Santalales"
"Gaiadendron","Gaiadendron","Loranthaceae","Santalales"
"Opilia","Opilia","Opiliaceae","Santalales"
"Tetracera","Tetracera","Dilleniaceae","Dilleniales"
"Hibbertia","Hibbertia","Dilleniaceae","Dilleniales"
"Dillenia","Dillenia","Dilleniaceae","Dilleniales"
"Peridiscus","Peridiscus","Peridiscaceae","Saxifragales"
"Soyauxia","Soyauxia","Peridiscaceae","Saxifragales"
"Sedum","Sedum","Crassulaceae","Saxifragales"
"Kalanchoe","Kalanchoe","Crassulaceae","Saxifragales"
"Aphanopetalum","Aphanopetalum","Aphanopetalaceae","Saxifragales"
"Tetracarpaea",NA,"Tetracarpaeaceae","Saxifragales"
"Penthorum","Penthorum","Penthoraceae","Saxifragales"
"Haloragis","Haloragis","Haloragaceae","Saxifragales"
"Myriophyllum","Myriophyllum","Haloragaceae","Saxifragales"
"Heuchera","Heuchera","Saxifragaceae","Saxifragales"
"Saxifraga","Saxifraga","Saxifragaceae","Saxifragales"
"Ribes","Ribes","Grossulariaceae","Saxifragales"
"Itea","Itea","Iteaceae","Saxifragales"
"Choristylis","Choristylis","Iteaceae","Saxifragales"
"Paeonia","Paeonia","Paeoniaceae","Saxifragales"
"Liquidambar","Liquidambar","Altingiaceae","Saxifragales"
"Altingia","Altingia","Altingiaceae","Saxifragales"
"Rhodoleia","Rhodoleia","Hamamelidaceae","Saxifragales"
"Exbucklandia","Exbucklandia","Hamamelidaceae","Saxifragales"
"Hamamelis","Hamamelis","Hamamelidaceae","Saxifragales"
"Corylopsis","Corylopsis","Hamamelidaceae","Saxifragales"
"Cercidiphyllum","Cercidiphyllum","Cercidiphyllaceae","Saxifragales"
"Daphniphyllum","Daphniphyllum","Daphniphyllaceae","Saxifragales"
"Vitis","Vitis","Vitaceae","Vitales"
"Leea","Leea","Vitaceae","Vitales"
"Terminalia","Terminalia","Combretaceae","Myrtales"
"Lythrum","Lythrum","Lythraceae","Myrtales"
"Oenothera","Oenothera","Onagraceae","Myrtales"
"Qualea","Qualea","Vochysiaceae","Myrtales"
"Eucalyptus","Eucalyptus","Myrtaceae","Myrtales"
"Myrtus","Myrtus","Myrtaceae","Myrtales"
"Clidemia","Clidemia","Melastomataceae","Myrtales"
"Olinia","Olinia","Penaeaceae","Myrtales"
"Crypteronia","Crypteronia","Crypteroniaceae","Myrtales"
"Geranium","Geranium","Geraniaceae","Geraniales"
"Viviania","Viviania","Vivianiaceae","Geraniales"
"Melianthus",NA,"Melianthaceae","Geraniales"
"Stachyurus","Stachyurus","Stachyuraceae","Crossosomatales"
"Crossosoma","Crossosoma","Crossosomataceae","Crossosomatales"
"Staphylea","Staphylea","Staphyleaceae","Crossosomatales"
"Aphloia","Aphloia","Aphloiaceae","Crossosomatales"
"Strasburgeria","Strasburgeria","Strasburgeriaceae","Crossosomatales"
"Ixerba","Ixerba","Strasburgeriaceae","Crossosomatales"
"Picramnia","Picramnia","Picramniaceae","Picramniales"
"Schinus","Schinus","Anacardiaceae","Sapindales"
"Bursera","Bursera","Burseraceae","Sapindales"
"Swietenia","Swietenia","Meliaceae","Sapindales"
"Ailanthus","Ailanthus","Simaroubaceae","Sapindales"
"Citrus","Citrus","Rutaceae","Sapindales"
"Cupaniopsis","Cupaniopsis","Sapindaceae","Sapindales"
"Nitraria","Nitraria","Nitrariaceae","Sapindales"
"Tapiscia","Tapiscia","Tapisciaceae","Huerteales"
"Dipentodon","Dipentodon","Dipentodontaceae","Huerteales"
"Thymelaea","Thymelaea","Thymelaeaceae","Malvales"
"Gossypium","Gossypium","Malvaceae","Malvales"
"Sterculia","Sterculia","Malvaceae","Malvales"
"Helianthemum","Helianthemum","Cistaceae","Malvales"
"Anisoptera","Anisoptera","Dipterocarpaceae","Malvales"
"Bixa","Bixa","Bixaceae","Malvales"
"Carica","Carica","Caricaceae","Brassicales"
"Tropaeolum","Tropaeolum","Tropaeolaceae","Brassicales"
"Floerkea","Floerkea","Limnanthaceae","Brassicales"
"Batis","Batis","Bataceae","Brassicales"
"Reseda","Reseda","Resedaceae","Brassicales"
"Capparis","Capparis","Capparaceae","Brassicales"
"Arabidopsis","Arabidopsis","Brassicaceae","Brassicales"
"Brassica","Brassica","Brassicaceae","Brassicales"
"Krameria","Krameria","Krameriaceae","Zygophyllales"
"Guaiacum","Guaiacum","Zygophyllaceae","Zygophyllales"
"Stylobasium",NA,"Surianaceae","Fabales"
"Albizia","Albizia","Fabaceae","Fabales"
"Glycine","Glycine","Fabaceae","Fabales"
"Pisum","Pisum","Fabaceae","Fabales"
"Medicago","Medicago","Fabaceae","Fabales"
"Cicer","Cicer","Fabaceae","Fabales"
"Lotus","Lotus","Fabaceae","Fabales"
"Polygala","Polygala","Polygalaceae","Fabales"
"Quillaja","Quillaja","Quillajaceae","Fabales"
"Coriaria","Coriaria","Coriariaceae","Cucurbitales"
"Cucurbita","Cucurbita","Cucurbitaceae","Cucurbitales"
"Cucumis","Cucumis","Cucurbitaceae","Cucurbitales"
"Begonia","Begonia","Begoniaceae","Cucurbitales"
"Datisca","Datisca","Datiscaceae","Cucurbitales"
"Anisophyllea","Anisophyllea","Anisophylleaceae","Cucurbitales"
"Nothofagus","Nothofagus","Nothofagaceae","Fagales"
"Myrica","Myrica","Myricaceae","Fagales"
"Juglans","Juglans","Juglandaceae","Fagales"
"Alnus","Alnus","Betulaceae","Fagales"
"Casuarina","Casuarina","Casuarinaceae","Fagales"
"Fagus","Fagus","Fagaceae","Fagales"
"Chrysolepis","Chrysolepis","Fagaceae","Fagales"
"Quercus","Quercus","Fagaceae","Fagales"
"Prunus","Prunus","Rosaceae","Rosales"
"Spiraea","Spiraea","Rosaceae","Rosales"
"Elaeagnus","Elaeagnus","Elaeagnaceae","Rosales"
"Rhamnus","Rhamnus","Rhamnaceae","Rosales"
"Ceanothus","Ceanothus","Rhamnaceae","Rosales"
"Zelkova","Zelkova","Ulmaceae","Rosales"
"Urtica","Urtica","Urticaceae","Rosales"
"Pilea","Pilea","Urticaceae","Rosales"
"Morus","Morus","Moraceae","Rosales"
"Cannabis","Cannabis","Cannabaceae","Rosales"
"Celtis","Celtis","Cannabaceae","Rosales"
"Siphonodon","Siphonodon","Celastraceae","Celastrales"
"Stackhousia",NA,"Celastraceae","Celastrales"
"Denhamia","Denhamia","Celastraceae","Celastrales"
"Paxistima","Paxistima","Celastraceae","Celastrales"
"Euonymus","Euonymus","Celastraceae","Celastrales"
"Tripterygium","Tripterygium","Celastraceae","Celastrales"
"Celastrus","Celastrus","Celastraceae","Celastrales"
"Brexia","Brexia","Celastraceae","Celastrales"
"Elaeodendron","Elaeodendron","Celastraceae","Celastrales"
"Plagiopteron","Plagiopteron","Celastraceae","Celastrales"
"Maytenus","Maytenus","Celastraceae","Celastrales"
"Parnassia","Parnassia","Celastraceae","Celastrales"
"Lepidobotrys",NA,"Lepidobotryaceae","Celastrales"
"Ruptiliocarpon","Ruptiliocarpon","Lepidobotryaceae","Celastrales"
"Clusia","Clusia","Clusiaceae","Malpighiales"
"Pentaphalangium",NA,"Clusiaceae","Malpighiales"
"Garcinia","Garcinia","Clusiaceae","Malpighiales"
"Archytaea","Archytaea","Bonnetiaceae","Malpighiales"
"Bonnetia","Bonnetia","Bonnetiaceae","Malpighiales"
"Podostemum","Podostemum","Podostemaceae","Malpighiales"
"Marathrum","Marathrum","Podostemaceae","Malpighiales"
"Cratoxylum","Cratoxylum","Hypericaceae","Malpighiales"
"Vismia","Vismia","Hypericaceae","Malpighiales"
"Hypericum","Hypericum","Hypericaceae","Malpighiales"
"Triadenum","Triadenum","Hypericaceae","Malpighiales"
"Calophyllum","Calophyllum","Calophyllaceae","Malpighiales"
"Mammea","Mammea","Calophyllaceae","Malpighiales"
"Mesua","Mesua","Calophyllaceae","Malpighiales"
"Ochthocosmus","Ochthocosmus","Ixonanthaceae","Malpighiales"
"Irvingia","Irvingia","Irvingiaceae","Malpighiales"
"Klainedoxa","Klainedoxa","Irvingiaceae","Malpighiales"
"Pangium",NA,"Achariaceae","Malpighiales"
"Kiggelaria",NA,"Achariaceae","Malpighiales"
"Acharia",NA,"Achariaceae","Malpighiales"
"Erythrospermum","Erythrospermum","Achariaceae","Malpighiales"
"Carpotroche","Carpotroche","Achariaceae","Malpighiales"
"Caloncoba","Caloncoba","Achariaceae","Malpighiales"
"Hydnocarpus","Hydnocarpus","Achariaceae","Malpighiales"
"Lozania","Lozania","Lacistemataceae","Malpighiales"
"Lacistema","Lacistema","Lacistemataceae","Malpighiales"
"Lunania","Lunania","Salicaceae","Malpighiales"
"Casearia","Casearia","Salicaceae","Malpighiales"
"Idesia","Idesia","Salicaceae","Malpighiales"
"Populus","Populus","Salicaceae","Malpighiales"
"Salix","Salix","Salicaceae","Malpighiales"
"Poliothyrsis","Poliothyrsis","Salicaceae","Malpighiales"
"Dovyalis","Dovyalis","Salicaceae","Malpighiales"
"Flacourtia","Flacourtia","Salicaceae","Malpighiales"
"Abatia","Abatia","Salicaceae","Malpighiales"
"Prockia","Prockia","Salicaceae","Malpighiales"
"Scyphostegia",NA,"Salicaceae","Malpighiales"
"Rinorea","Rinorea","Violaceae","Malpighiales"
"Hybanthus","Hybanthus","Violaceae","Malpighiales"
"Leonia","Leonia","Violaceae","Malpighiales"
"Hymenanthera",NA,"Violaceae","Malpighiales"
"Viola","Viola","Violaceae","Malpighiales"
"Goupia","Goupia","Goupiaceae","Malpighiales"
"Turnera","Turnera","Passifloraceae","Malpighiales"
"Passiflora","Passiflora","Passifloraceae","Malpighiales"
"Paropsia","Paropsia","Passifloraceae","Malpighiales"
"Malesherbia","Malesherbia","Passifloraceae","Malpighiales"
"Ctenolophon","Ctenolophon","Ctenolophonaceae","Malpighiales"
"Bruguiera","Bruguiera","Rhizophoraceae","Malpighiales"
"Rhizophora","Rhizophora","Rhizophoraceae","Malpighiales"
"Carallia","Carallia","Rhizophoraceae","Malpighiales"
"Paradrypetes","Paradrypetes","Rhizophoraceae","Malpighiales"
"Erythroxylum","Erythroxylum","Erythroxylaceae","Malpighiales"
"Balanops","Balanops","Balanopaceae","Malpighiales"
"Dichapetalum","Dichapetalum","Dichapetalaceae","Malpighiales"
"Tapura","Tapura","Dichapetalaceae","Malpighiales"
"Trigonia","Trigonia","Trigoniaceae","Malpighiales"
"Euphronia","Euphronia","Euphroniaceae","Malpighiales"
"Hirtella","Hirtella","Chrysobalanaceae","Malpighiales"
"Licania","Licania","Chrysobalanaceae","Malpighiales"
"Atuna","Atuna","Chrysobalanaceae","Malpighiales"
"Chrysobalanus","Chrysobalanus","Chrysobalanaceae","Malpighiales"
"Panda","Panda","Pandaceae","Malpighiales"
"Galearia","Galearia","Pandaceae","Malpighiales"
"Microdesmis","Microdesmis","Pandaceae","Malpighiales"
"Linum","Linum","Linaceae","Malpighiales"
"Durandea","Durandea","Linaceae","Malpighiales"
"Hugonia","Hugonia","Linaceae","Malpighiales"
"Reinwardtia","Reinwardtia","Linaceae","Malpighiales"
"Centroplacus","Centroplacus","Centroplacaceae","Malpighiales"
"Bhesa","Bhesa","Centroplacaceae","Malpighiales"
"Luxemburgia","Luxemburgia","Ochnaceae","Malpighiales"
"Ochna","Ochna","Ochnaceae","Malpighiales"
"Cespedesia","Cespedesia","Ochnaceae","Malpighiales"
"Sauvagesia","Sauvagesia","Ochnaceae","Malpighiales"
"Touroulia","Touroulia","Ochnaceae","Malpighiales"
"Quiina","Quiina","Ochnaceae","Malpighiales"
"Medusagyne",NA,NA,NA
"Clutia","Clutia","Peraceae","Malpighiales"
"Pera","Pera","Peraceae","Malpighiales"
"Pogonophora","Pogonophora","Peraceae","Malpighiales"
"Neoscortechinia","Neoscortechinia","Euphorbiaceae","Malpighiales"
"Endospermum","Endospermum","Euphorbiaceae","Malpighiales"
"Tetrorchidium","Tetrorchidium","Euphorbiaceae","Malpighiales"
"Omphalea","Omphalea","Euphorbiaceae","Malpighiales"
"Suregada","Suregada","Euphorbiaceae","Malpighiales"
"Moultonianthus","Moultonianthus","Euphorbiaceae","Malpighiales"
"Croton","Croton","Euphorbiaceae","Malpighiales"
"Codiaeum","Codiaeum","Euphorbiaceae","Malpighiales"
"Trigonostemon","Trigonostemon","Euphorbiaceae","Malpighiales"
"Manihot","Manihot","Euphorbiaceae","Malpighiales"
"Hevea","Hevea","Euphorbiaceae","Malpighiales"
"Pimelodendron","Pimelodendron","Euphorbiaceae","Malpighiales"
"Homalanthus","Homalanthus","Euphorbiaceae","Malpighiales"
"Hura","Hura","Euphorbiaceae","Malpighiales"
"Euphorbia","Euphorbia","Euphorbiaceae","Malpighiales"
"Conceveiba","Conceveiba","Euphorbiaceae","Malpighiales"
"Lasiocroton","Lasiocroton","Euphorbiaceae","Malpighiales"
"Dalechampia","Dalechampia","Euphorbiaceae","Malpighiales"
"Acalypha","Acalypha","Euphorbiaceae","Malpighiales"
"Spathiostemon","Spathiostemon","Euphorbiaceae","Malpighiales"
"Ricinus","Ricinus","Euphorbiaceae","Malpighiales"
"Caryocar","Caryocar","Caryocaraceae","Malpighiales"
"Lophopyxis",NA,"Lophopyxidaceae","Malpighiales"
"Drypetes","Drypetes","Putranjivaceae","Malpighiales"
"Putranjiva","Putranjiva","Putranjivaceae","Malpighiales"
"Podocalyx","Podocalyx","Picrodendraceae","Malpighiales"
"Petalostigma","Petalostigma","Picrodendraceae","Malpighiales"
"Dissiliaria","Dissiliaria","Picrodendraceae","Malpighiales"
"Micrantheum","Micrantheum","Picrodendraceae","Malpighiales"
"Austrobuxus","Austrobuxus","Picrodendraceae","Malpighiales"
"Androstachys","Androstachys","Picrodendraceae","Malpighiales"
"Tetracoccus","Tetracoccus","Picrodendraceae","Malpighiales"
"Bischofia","Bischofia","Phyllanthaceae","Malpighiales"
"Aporusa",NA,"Phyllanthaceae","Malpighiales"
"Phyllanthus","Phyllanthus","Phyllanthaceae","Malpighiales"
"Lachnostylis","Lachnostylis","Phyllanthaceae","Malpighiales"
"Croizatia","Croizatia","Phyllanthaceae","Malpighiales"
"Heywoodia","Heywoodia","Phyllanthaceae","Malpighiales"
"Byrsonima","Byrsonima","Malpighiaceae","Malpighiales"
"Acridocarpus","Acridocarpus","Malpighiaceae","Malpighiales"
"Thryallis","Thryallis","Malpighiaceae","Malpighiales"
"Dicella","Dicella","Malpighiaceae","Malpighiales"
"Malpighia","Malpighia","Malpighiaceae","Malpighiales"
"Elatine","Elatine","Elatinaceae","Malpighiales"
"Bergia","Bergia","Elatinaceae","Malpighiales"
"Sacoglottis","Sacoglottis","Humiriaceae","Malpighiales"
"Vantanea","Vantanea","Humiriaceae","Malpighiales"
"Humiria","Humiria","Humiriaceae","Malpighiales"
"Afrostyrax","Afrostyrax","Huaceae","Oxalidales"
"Hua",NA,"Huaceae","Oxalidales"
"Rourea","Rourea","Connaraceae","Oxalidales"
"Connarus","Connarus","Connaraceae","Oxalidales"
"Oxalis","Oxalis","Oxalidaceae","Oxalidales"
"Averrhoa","Averrhoa","Oxalidaceae","Oxalidales"
"Dapania","Dapania","Oxalidaceae","Oxalidales"
"Brunellia","Brunellia","Brunelliaceae","Oxalidales"
"Cephalotus","Cephalotus","Cephalotaceae","Oxalidales"
"Eucryphia","Eucryphia","Cunoniaceae","Oxalidales"
"Geissois","Geissois","Cunoniaceae","Oxalidales"
"Sloanea","Sloanea","Elaeocarpaceae","Oxalidales"
"Crinodendron","Crinodendron","Elaeocarpaceae","Oxalidales"
"Elaeocarpus","Elaeocarpus","Elaeocarpaceae","Oxalidales"
"Ginkgo","Ginkgo","Ginkgoaceae","Ginkgoales"
"Cycas","Cycas","Cycadaceae","Cycadales"
"Zamia","Zamia","Zamiaceae","Cycadales"
"Podocarpus","Podocarpus","Podocarpaceae","Araucariales"
"Metasequoia","Metasequoia","Cupressaceae","Cupressales"
"Welwitschia","Welwitschia","Welwitschiaceae","Welwitschiales"
"Gnetum","Gnetum","Gnetaceae","Gnetales"
"Pinus","Pinus","Pinaceae","Pinales"
